Date,CVX,XOM
2020-01-02,95.00155639648438,54.63478088378906
2020-01-03,94.67295837402344,54.19554138183594
2020-01-06,94.35218811035156,54.61167526245117
2020-01-07,93.14735412597656,54.16472244262695
2020-01-08,92.08338165283203,53.34789276123047
2020-01-09,91.93470001220703,53.756317138671875
2020-01-10,91.09758758544922,53.27854919433594
2020-01-13,91.26971435546875,53.78714370727539
2020-01-14,90.9880599975586,53.32477951049805
2020-01-15,90.85504913330078,53.240013122558594
2020-01-16,91.44963836669922,53.031951904296875
2020-01-17,90.42477416992188,52.83160400390625
2020-01-21,88.64878845214844,52.0764274597168
2020-01-22,88.32806396484375,51.77589416503906
2020-01-23,88.48450469970703,51.45225143432617
2020-01-24,87.50657653808594,51.1054801940918
2020-01-27,86.36434173583984,49.88795471191406
2020-01-28,86.93546295166016,49.818599700927734
2020-01-29,86.34867858886719,49.40247344970703
2020-01-30,87.1545181274414,49.926490783691406
2020-01-31,83.8216781616211,47.86901092529297
2020-02-03,83.14884185791016,46.79788589477539
2020-02-04,83.59480285644531,46.21223831176758
2020-02-05,86.27827453613281,48.33906936645508
2020-02-06,85.66021728515625,47.68406295776367
2020-02-07,85.22991943359375,47.368125915527344
2020-02-10,85.89490509033203,46.86785888671875
2020-02-11,87.005859375,47.31340026855469
2020-02-12,87.65521240234375,47.89183044433594
2020-02-13,87.35792541503906,47.626075744628906
2020-02-14,87.1283950805664,47.4072151184082
2020-02-18,87.2550277709961,46.80533218383789
2020-02-19,87.65077209472656,47.164894104003906
2020-02-20,86.91468811035156,46.789695739746094
2020-02-21,86.28150177001953,46.219093322753906
2020-02-24,82.8780288696289,44.05391311645508
2020-02-25,79.71204376220703,42.36554718017578
2020-02-26,77.59873962402344,41.43538284301758
2020-02-27,74.50395202636719,38.941917419433594
2020-02-28,73.878662109375,40.20819854736328
2020-03-02,76.45104217529297,42.11541748046875
2020-03-03,74.7097396850586,40.098758697509766
2020-03-04,77.98655700683594,40.97420883178711
2020-03-05,76.92594146728516,39.16859436035156
2020-03-06,75.44583129882812,37.2769889831543
2020-03-09,63.85036849975586,32.7199592590332
2020-03-10,67.26172637939453,33.9315185546875
2020-03-11,65.71829223632812,32.81375503540039
2020-03-12,60.35984420776367,29.061832427978516
2020-03-13,66.02696228027344,29.796581268310547
2020-03-16,55.16759490966797,26.95918846130371
2020-03-17,55.9511833190918,28.77261734008789
2020-03-18,43.572113037109375,25.888320922851562
2020-03-19,45.42422103881836,26.91228675842285
2020-03-20,47.00721740722656,25.591297149658203
2020-03-23,42.9151725769043,24.582962036132812
2020-03-24,52.67436981201172,27.70175552368164
2020-03-25,54.82725524902344,29.14781379699707
2020-03-26,60.454830169677734,30.3437442779541
2020-03-27,54.43941879272461,28.882051467895508
2020-03-30,56.94847869873047,29.311960220336914
2020-03-31,57.352142333984375,29.679330825805664
2020-04-01,54.265281677246094,29.335405349731445
2020-04-02,60.24903106689453,31.57874870300293
2020-04-03,59.44963073730469,30.648582458496094
2020-04-06,63.62874221801758,31.63346290588379
2020-04-07,64.04822540283203,32.23534393310547
2020-04-08,68.0532455444336,34.27545166015625
2020-04-09,66.73141479492188,33.7126579284668
2020-04-13,67.20631408691406,33.4234504699707
2020-04-14,66.9688720703125,33.16551208496094
2020-04-15,65.2908935546875,31.64127540588379
2020-04-16,63.31212615966797,30.601686477661133
2020-04-17,68.99510955810547,33.78300857543945
2020-04-20,66.14570617675781,32.188438415527344
2020-04-21,64.61811065673828,32.016483306884766
2020-04-22,66.83431243896484,32.931007385253906
2020-04-23,68.70226287841797,33.96278762817383
2020-04-24,68.86847686767578,34.1816520690918
2020-04-27,71.0055160522461,34.34579086303711
2020-04-28,71.163818359375,35.150909423828125
2020-04-29,74.89178466796875,37.097206115722656
2020-04-30,72.81806945800781,36.323387145996094
2020-05-01,70.79180908203125,33.72047424316406
2020-05-04,72.37482452392578,35.08055877685547
2020-05-05,73.52249908447266,35.041473388671875
2020-05-06,71.27462005615234,34.3848876953125
2020-05-07,73.32462310791016,34.58029556274414
2020-05-08,75.5645751953125,36.09669876098633
2020-05-11,73.90240478515625,35.752777099609375
2020-05-12,72.105712890625,35.15516662597656
2020-05-13,70.20610809326172,33.41015625
2020-05-14,71.27462005615234,33.704978942871094
2020-05-15,70.57019805908203,33.46593475341797
2020-05-18,74.32880401611328,36.12727355957031
2020-05-19,71.97567749023438,35.01173400878906
2020-05-20,74.69020080566406,36.151180267333984
2020-05-21,73.91919708251953,35.505767822265625
2020-05-22,72.50570678710938,35.537635803222656
2020-05-26,74.93112182617188,36.581451416015625
2020-05-27,75.41302490234375,36.84440612792969
2020-05-28,72.97954559326172,35.88822937011719
2020-05-29,73.64612579345703,36.230857849121094
2020-06-01,74.52154541015625,36.876277923583984
2020-06-02,76.04747009277344,37.69697952270508
2020-06-03,78.04724884033203,39.23483657836914
2020-06-04,77.32444763183594,39.123268127441406
2020-06-05,80.96257019042969,42.29457092285156
2020-06-08,82.91415405273438,43.61727523803711
2020-06-09,81.54082489013672,42.645164489746094
2020-06-10,78.36849975585938,40.35832214355469
2020-06-11,71.77488708496094,36.79658508300781
2020-06-12,74.20030975341797,37.58543014526367
2020-06-15,73.2686767578125,37.56153106689453
2020-06-16,75.51741790771484,38.40614318847656
2020-06-17,73.51765441894531,37.155155181884766
2020-06-18,73.83889770507812,37.38623046875
2020-06-19,72.78681182861328,36.63722610473633
2020-06-22,73.55781555175781,36.987823486328125
2020-06-23,73.43733978271484,37.210933685302734
2020-06-24,70.3854751586914,35.45795440673828
2020-06-25,71.64637756347656,35.991817474365234
2020-06-26,69.43780517578125,34.75676727294922
2020-06-29,70.40957641601562,35.31453323364258
2020-06-30,71.6624526977539,35.63325881958008
2020-07-01,70.36941528320312,34.8284797668457
2020-07-02,70.92356872558594,35.123294830322266
2020-07-06,71.13236999511719,35.370304107666016
2020-07-07,69.31733703613281,34.45397186279297
2020-07-08,69.34945678710938,34.37429428100586
2020-07-09,66.45018768310547,32.95596694946289
2020-07-10,68.44995880126953,33.98386001586914
2020-07-13,68.58649444580078,33.991825103759766
2020-07-14,70.95570373535156,35.11532211303711
2020-07-15,71.38935852050781,35.5615348815918
2020-07-16,70.9637222290039,35.28265380859375
2020-07-17,70.0240707397461,34.67707824707031
2020-07-20,68.4820785522461,33.86433792114258
2020-07-21,73.39717864990234,35.57747268676758
2020-07-22,73.11609649658203,34.748802185058594
2020-07-23,73.09199523925781,34.82050704956055
2020-07-24,72.38523864746094,34.605369567871094
2020-07-27,73.11609649658203,35.11532211303711
2020-07-28,71.56607055664062,34.700984954833984
2020-07-29,72.33707427978516,35.083457946777344
2020-07-30,69.28520202636719,33.36234664916992
2020-07-31,67.4139404296875,33.52968215942383
2020-08-03,68.1126480102539,33.66514205932617
2020-08-04,69.46188354492188,34.637245178222656
2020-08-05,70.03209686279297,34.94002914428711
2020-08-06,70.24893951416016,34.77269744873047
2020-08-07,69.71086883544922,34.61334991455078
2020-08-10,72.06399536132812,35.46592330932617
2020-08-11,71.97567749023438,35.83245086669922
2020-08-12,72.85909271240234,35.82433319091797
2020-08-13,72.13627624511719,34.946800231933594
2020-08-14,72.56194305419922,35.101192474365234
2020-08-17,72.89923095703125,34.64616394042969
2020-08-18,71.39205169677734,34.47553634643555
2020-08-19,70.3818359375,34.09364700317383
2020-08-20,69.0946044921875,33.573631286621094
2020-08-21,69.3145751953125,33.32174301147461
2020-08-24,71.0417251586914,34.30490493774414
2020-08-25,70.17001342773438,33.21610641479492
2020-08-26,69.07015991210938,32.509212493896484
2020-08-27,69.17608642578125,32.28984451293945
2020-08-28,69.76264953613281,33.06173324584961
2020-08-31,68.3776626586914,32.45233917236328
2020-09-01,67.68517303466797,32.03795623779297
2020-09-02,67.7748031616211,31.84294319152832
2020-09-03,67.03340148925781,31.777938842773438
2020-09-04,66.7482681274414,31.75357437133789
2020-09-08,64.33675384521484,31.02228355407715
2020-09-09,65.2003402709961,30.83541488647461
2020-09-10,63.668704986572266,30.063508987426758
2020-09-11,63.29393768310547,29.982267379760742
2020-09-14,62.968074798583984,29.787248611450195
2020-09-15,62.202247619628906,29.47036361694336
2020-09-16,64.00273132324219,30.72165870666504
2020-09-17,64.19010925292969,30.713529586791992
2020-09-18,63.71758270263672,30.217891693115234
2020-09-21,62.161529541015625,29.60036849975586
2020-09-22,61.5341911315918,28.86909294128418
2020-09-23,58.61758041381836,27.942813873291016
2020-09-24,58.49537658691406,27.885936737060547
2020-09-25,58.519805908203125,28.145938873291016
2020-09-28,60.230690002441406,28.690332412719727
2020-09-29,58.576839447021484,27.85343360900879
2020-09-30,58.65831756591797,27.89406394958496
2020-10-01,57.371089935302734,26.919031143188477
2020-10-02,57.99839782714844,26.797149658203125
2020-10-05,59.22859573364258,27.4146728515625
2020-10-06,58.902732849121094,27.130285263061523
2020-10-07,60.108482360839844,27.21966552734375
2020-10-08,61.28164291381836,28.64971351623535
2020-10-09,60.28770446777344,28.227197647094727
2020-10-12,60.70319747924805,28.1378173828125
2020-10-13,59.79888153076172,27.804685592651367
2020-10-14,59.432273864746094,27.747806549072266
2020-10-15,59.88851547241211,27.99156379699707
2020-10-16,59.383392333984375,27.707181930541992
2020-10-19,58.07172775268555,27.1546630859375
2020-10-20,58.397613525390625,27.382169723510742
2020-10-21,57.73771286010742,26.94340705871582
2020-10-22,59.79888153076172,28.324705123901367
2020-10-23,59.1226921081543,27.755935668945312
2020-10-26,57.794734954833984,27.09778594970703
2020-10-27,56.62971496582031,26.66714859008789
2020-10-28,54.4870491027832,25.651485443115234
2020-10-29,56.051273345947266,26.789026260375977
2020-10-30,56.62157440185547,26.504636764526367
2020-11-02,58.78052520751953,27.617809295654297
2020-11-03,58.44649124145508,27.146533966064453
2020-11-04,58.470924377441406,27.00028419494629
2020-11-05,58.77235412597656,26.951528549194336
2020-11-06,57.9658088684082,26.634645462036133
2020-11-09,64.68709564208984,30.00663948059082
2020-11-10,67.6770248413086,30.672332763671875
2020-11-11,67.1800537109375,30.35611915588379
2020-11-12,65.72174072265625,29.315961837768555
2020-11-13,67.64444732666016,30.023279190063477
2020-11-16,72.4756088256836,31.75411605834961
2020-11-17,71.95480346679688,32.17849349975586
2020-11-18,69.67313385009766,30.963581085205078
2020-11-19,70.87184143066406,31.12169075012207
2020-11-20,70.92142486572266,30.738910675048828
2020-11-23,75.2532730102539,32.752662658691406
2020-11-24,79.04776763916016,34.93284606933594
2020-11-25,76.1708984375,33.95925521850586
2020-11-27,75.48475646972656,33.44333267211914
2020-11-30,72.0705337524414,31.729148864746094
2020-12-01,72.29374694824219,32.03702926635742
2020-12-02,74.29431915283203,33.23529052734375
2020-12-03,74.2364501953125,33.45997619628906
2020-12-04,77.11332702636719,34.683204650878906
2020-12-07,75.03006744384766,34.03414535522461
2020-12-08,75.67488098144531,35.14920425415039
2020-12-09,74.76554107666016,35.61519241333008
2020-12-10,77.17118072509766,36.622066497802734
2020-12-11,76.42716979980469,36.44732666015625
2020-12-14,73.93883514404297,35.13256072998047
2020-12-15,73.88099670410156,35.814903259277344
2020-12-16,73.3188247680664,36.36410903930664
2020-12-17,73.08735656738281,36.1810417175293
2020-12-18,72.07879638671875,35.556941986083984
2020-12-21,71.16941833496094,34.90787887573242
2020-12-22,69.73927307128906,34.31707000732422
2020-12-23,70.8387680053711,34.75809860229492
2020-12-24,70.5411605834961,34.61664581298828
2020-12-28,70.18569946289062,34.73313903808594
2020-12-29,69.94595336914062,34.3420295715332
2020-12-30,70.5411605834961,34.61664581298828
2020-12-31,69.81367492675781,34.30042266845703
2021-01-04,70.02860260009766,34.53343200683594
2021-01-05,71.92173767089844,36.197689056396484
2021-01-06,74.2364501953125,37.12135314941406
2021-01-07,74.58364868164062,37.412601470947266
2021-01-08,75.29461669921875,37.82865905761719
2021-01-11,75.72447204589844,38.97699737548828
2021-01-12,77.16291809082031,39.84242630004883
2021-01-13,77.08850860595703,40.29176330566406
2021-01-14,78.94029998779297,41.86449432373047
2021-01-15,76.12955474853516,39.85073471069336
2021-01-19,78.13014221191406,40.641265869140625
2021-01-20,78.8493423461914,41.215431213378906
2021-01-21,76.06343078613281,40.0338134765625
2021-01-22,75.83195495605469,39.46794891357422
2021-01-25,75.14579772949219,39.02692413330078
2021-01-26,73.87271118164062,38.169837951660156
2021-01-27,72.91374206542969,37.73712158203125
2021-01-28,73.59162902832031,38.32794189453125
2021-01-29,70.43368530273438,37.312744140625
2021-02-01,71.4339828491211,37.37931442260742
2021-02-02,71.9713363647461,37.970123291015625
2021-02-03,73.54203033447266,39.45963668823242
2021-02-04,73.57510375976562,40.21687698364258
2021-02-05,73.7900390625,41.5649299621582
2021-02-08,75.62528991699219,43.3540153503418
2021-02-09,75.19540405273438,42.84626388549805
2021-02-10,76.48502349853516,43.26091384887695
2021-02-11,76.07169342041016,42.17770767211914
2021-02-12,76.50983428955078,42.75315856933594
2021-02-16,78.07759857177734,44.039485931396484
2021-02-17,80.41664123535156,44.72494888305664
2021-02-18,79.64533996582031,44.02256393432617
2021-02-19,80.31604766845703,44.318748474121094
2021-02-22,82.48743438720703,45.95203399658203
2021-02-23,83.52701568603516,46.586734771728516
2021-02-24,86.61222076416016,47.98306655883789
2021-02-25,85.8073959350586,47.18757629394531
2021-02-26,83.83721160888672,46.01127243041992
2021-03-01,85.55587768554688,47.729183197021484
2021-03-02,85.88285064697266,47.44991683959961
2021-03-03,86.84696197509766,47.83073425292969
2021-03-04,87.6098861694336,49.68405532836914
2021-03-05,91.38256072998047,51.5627555847168
2021-03-08,92.0113296508789,51.51197052001953
2021-03-09,91.80174255371094,50.716495513916016
2021-03-10,93.3695068359375,52.273616790771484
2021-03-11,93.21858978271484,51.88433074951172
2021-03-12,93.52880096435547,52.44286346435547
2021-03-15,92.4305191040039,51.10576629638672
2021-03-16,90.24237060546875,50.02255630493164
2021-03-17,90.56934356689453,50.242584228515625
2021-03-18,87.29130554199219,48.07615661621094
2021-03-19,86.67090606689453,47.80535125732422
2021-03-22,85.96668243408203,47.314517974853516
2021-03-23,85.48882293701172,46.73059844970703
2021-03-24,87.77754974365234,47.678409576416016
2021-03-25,88.08776092529297,47.543006896972656
2021-03-26,90.10823059082031,48.8377799987793
2021-03-29,89.63873291015625,48.5754508972168
2021-03-30,88.80877685546875,47.974605560302734
2021-03-31,87.8530044555664,47.24681854248047
2021-04-01,88.65785217285156,48.56698989868164
2021-04-05,87.61827087402344,47.813804626464844
2021-04-06,86.83856964111328,47.678409576416016
2021-04-07,87.3499755859375,47.88997268676758
2021-04-08,86.36909484863281,47.39067459106445
2021-04-09,86.28524780273438,47.28066635131836
2021-04-12,85.32950592041016,46.96754455566406
2021-04-13,85.71516418457031,47.145267486572266
2021-04-14,87.41706085205078,48.50774383544922
2021-04-15,86.70443725585938,48.22002029418945
2021-04-16,86.31880187988281,47.94921875
2021-04-19,86.57030487060547,47.7968864440918
2021-04-20,84.95223999023438,46.78983688354492
2021-04-21,86.12598419189453,47.39067459106445
2021-04-22,84.6336669921875,46.77290725708008
2021-04-23,85.13668823242188,47.026798248291016
2021-04-26,85.11152648925781,47.11988067626953
2021-04-27,86.10081481933594,47.73765563964844
2021-04-28,88.21351623535156,49.176300048828125
2021-04-29,89.62197875976562,49.878692626953125
2021-04-30,86.41101837158203,48.44004821777344
2021-05-03,88.47340393066406,49.777130126953125
2021-05-04,88.95965576171875,50.09025573730469
2021-05-05,91.34902954101562,51.59660339355469
2021-05-06,91.39932250976562,52.08743667602539
2021-05-07,92.23770141601562,52.83214569091797
2021-05-10,91.86042785644531,52.95908737182617
2021-05-11,89.45431518554688,51.2750244140625
2021-05-12,90.01600646972656,51.54977035522461
2021-05-13,89.43753051757812,50.9144172668457
2021-05-14,91.7765884399414,52.176544189453125
2021-05-17,92.9000015258789,53.39574432373047
2021-05-18,90.10800170898438,51.88462448120117
2021-05-19,87.57907104492188,50.639671325683594
2021-05-20,87.88457489013672,50.519466400146484
2021-05-21,88.35981750488281,50.58815002441406
2021-05-24,89.61579895019531,51.180580139160156
2021-05-25,88.14766693115234,50.021484375
2021-05-26,88.35981750488281,50.605323791503906
2021-05-27,87.4178466796875,50.2790641784668
2021-05-28,88.07975769042969,50.11592102050781
2021-06-01,90.5068588256836,51.91038131713867
2021-06-02,91.72040557861328,52.32250213623047
2021-06-03,91.30458068847656,52.528564453125
2021-06-04,92.03439331054688,52.76038360595703
2021-06-07,91.44036102294922,52.41695022583008
2021-06-08,92.27204132080078,53.34423065185547
2021-06-09,91.46580505371094,53.79069900512695
2021-06-10,92.00045776367188,53.87655258178711
2021-06-11,91.5761489868164,53.378570556640625
2021-06-14,91.62705993652344,53.29270935058594
2021-06-15,93.60437774658203,55.233123779296875
2021-06-16,93.06975555419922,55.035648345947266
2021-06-17,90.86328125,53.224029541015625
2021-06-18,87.434814453125,51.858863830566406
2021-06-21,89.99767303466797,53.73918914794922
2021-06-22,90.2947006225586,54.76948928833008
2021-06-23,90.18437957763672,55.17302703857422
2021-06-24,90.92269897460938,55.39625549316406
2021-06-25,91.05847930908203,55.5164680480957
2021-06-28,88.24950408935547,54.099788665771484
2021-06-29,88.05431365966797,53.76493835449219
2021-06-30,88.88597106933594,54.15988540649414
2021-07-01,90.13347625732422,54.31443405151367
2021-07-02,90.01465606689453,54.23716354370117
2021-07-06,88.24950408935547,52.69170379638672
2021-07-07,87.34994506835938,51.867462158203125
2021-07-08,87.06989288330078,51.6356315612793
2021-07-09,88.31739044189453,52.571495056152344
2021-07-12,88.49559783935547,52.51997375488281
2021-07-13,88.19857788085938,52.27098846435547
2021-07-14,86.53526306152344,51.11188888549805
2021-07-15,85.9666748046875,50.61391067504883
2021-07-16,83.69232177734375,49.21440505981445
2021-07-19,81.43494415283203,47.522979736328125
2021-07-20,81.91869354248047,48.04672622680664
2021-07-21,84.71068572998047,49.592185974121094
2021-07-22,83.862060546875,49.03410339355469
2021-07-23,83.89598846435547,48.97400665283203
2021-07-26,85.66963958740234,50.21037292480469
2021-07-27,85.38111114501953,49.652286529541016
2021-07-28,85.86483001708984,49.98713684082031
2021-07-29,87.04444122314453,50.59672546386719
2021-07-30,86.39946746826172,49.429054260253906
2021-08-02,86.2467269897461,49.43764114379883
2021-08-03,87.06989288330078,49.969966888427734
2021-08-04,85.1180419921875,48.80228805541992
2021-08-05,85.90727233886719,49.11137771606445
2021-08-06,86.51826477050781,49.67804718017578
2021-08-09,85.07560729980469,49.11137771606445
2021-08-10,86.62860107421875,49.952789306640625
2021-08-11,87.28205108642578,50.098751068115234
2021-08-12,87.10383605957031,49.985450744628906
2021-08-13,86.52676391601562,49.47992706298828
2021-08-16,85.64418029785156,48.75651931762695
2021-08-17,85.48294067382812,48.425315856933594
2021-08-18,83.16934204101562,47.405555725097656
2021-08-19,81.09654998779297,45.95872497558594
2021-08-20,81.10517120361328,45.967437744140625
2021-08-23,83.19514465332031,47.8587760925293
2021-08-24,84.14982604980469,48.250999450683594
2021-08-25,84.72608947753906,48.338157653808594
2021-08-26,83.61656951904297,47.68446350097656
2021-08-27,84.83790588378906,48.60834884643555
2021-08-30,84.62287902832031,48.07667541503906
2021-08-31,83.22954559326172,47.518863677978516
2021-09-01,82.31787109375,46.865169525146484
2021-09-02,84.03801727294922,48.006954193115234
2021-09-03,83.84879302978516,47.82391357421875
2021-09-07,83.47895812988281,47.545005798339844
2021-09-08,82.90271759033203,47.10921096801758
2021-09-09,82.56729125976562,47.144081115722656
2021-09-10,82.62749481201172,47.04819869995117
2021-09-13,84.26164245605469,48.25971221923828
2021-09-14,82.73931884765625,47.571163177490234
2021-09-15,84.49386596679688,49.17487716674805
2021-09-16,83.70259094238281,48.651920318603516
2021-09-17,83.220947265625,48.07667541503906
2021-09-20,81.51798248291016,46.79544448852539
2021-09-21,81.57819366455078,46.75186538696289
2021-09-22,83.97779846191406,48.1202507019043
2021-09-23,86.05918884277344,49.750125885009766
2021-09-24,86.52363586425781,50.19462966918945
2021-09-27,88.56201934814453,51.68503952026367
2021-09-28,88.89745330810547,52.22541809082031
2021-09-29,88.87165832519531,52.19056701660156
2021-09-30,87.25470733642578,51.26667785644531
2021-10-01,89.73172760009766,53.10572814941406
2021-10-04,90.06714630126953,53.794273376464844
2021-10-05,91.0476303100586,53.707122802734375
2021-10-06,90.24777221679688,52.72222900390625
2021-10-07,90.8927993774414,52.87040328979492
2021-10-08,92.93119049072266,54.195213317871094
2021-10-11,92.13992309570312,53.65483093261719
2021-10-12,92.1571273803711,53.37592315673828
2021-10-13,92.70756530761719,53.227752685546875
2021-10-14,93.5848617553711,54.038326263427734
2021-10-15,94.2729263305664,54.55257034301758
2021-10-18,94.22992706298828,54.526405334472656
2021-10-19,96.07047271728516,55.345703125
2021-10-20,97.3261947631836,55.65076446533203
2021-10-21,96.10487365722656,54.63972091674805
2021-10-22,97.01656341552734,55.01449203491211
2021-10-25,97.91963958740234,56.086551666259766
2021-10-26,98.13465881347656,57.38521194458008
2021-10-27,96.38870239257812,55.894798278808594
2021-10-28,97.29178619384766,56.05168914794922
2021-10-29,98.47008514404297,56.19114303588867
2021-11-01,98.50450134277344,57.202178955078125
2021-11-02,97.9024429321289,56.49620056152344
2021-11-03,97.19718170166016,55.720481872558594
2021-11-04,97.6272201538086,56.13884735107422
2021-11-05,98.68511199951172,56.67051315307617
2021-11-08,99.03775024414062,57.28063201904297
2021-11-09,99.76880645751953,57.83843231201172
2021-11-10,98.17768096923828,56.69898986816406
2021-11-11,98.18627166748047,56.80497741699219
2021-11-12,98.24647521972656,56.372161865234375
2021-11-15,100.47405242919922,56.85798263549805
2021-11-16,100.86970520019531,57.4321174621582
2021-11-17,100.41729736328125,56.80497741699219
2021-11-18,99.5733871459961,56.186676025390625
2021-11-19,97.36354064941406,53.589759826660156
2021-11-22,99.10357666015625,54.33173751831055
2021-11-23,101.18293762207031,55.76268768310547
2021-11-24,101.95721435546875,56.07183837890625
2021-11-26,99.6255874633789,54.10208511352539
2021-11-29,99.92139434814453,54.40240478515625
2021-11-30,98.1987533569336,52.856632232666016
2021-12-01,97.52883911132812,52.812469482421875
2021-12-02,100.17369842529297,54.12858200073242
2021-12-03,99.53858184814453,53.784095764160156
2021-12-06,101.09590148925781,54.393577575683594
2021-12-07,102.59233856201172,55.00304412841797
2021-12-08,103.05343627929688,55.16203689575195
2021-12-09,102.78373718261719,55.303367614746094
2021-12-10,102.95773315429688,55.65669631958008
2021-12-13,100.81751251220703,54.437740325927734
2021-12-14,101.11332702636719,54.358245849609375
2021-12-15,100.53910827636719,54.1197509765625
2021-12-16,101.47872924804688,54.20808029174805
2021-12-17,98.83385467529297,53.02445983886719
2021-12-20,98.87736511230469,52.25598907470703
2021-12-21,100.4607925415039,53.43960952758789
2021-12-22,101.03501892089844,53.8724250793457
2021-12-23,101.27862548828125,53.898929595947266
2021-12-27,103.34925842285156,54.66740036010742
2021-12-28,103.14913940429688,54.4907341003418
2021-12-29,102.61843872070312,54.01375961303711
2021-12-30,102.16603088378906,53.695770263671875
2021-12-31,102.096435546875,54.0490837097168
2022-01-03,103.7581558227539,56.12484359741211
2022-01-04,105.6460952758789,58.23591613769531
2022-01-05,106.33341979980469,58.96023178100586
2022-01-06,107.23824310302734,60.34701156616211
2022-01-07,108.77816009521484,60.84165954589844
2022-01-10,108.84777069091797,60.479496002197266
2022-01-11,111.33599853515625,63.02341079711914
2022-01-12,110.7791976928711,62.837913513183594
2022-01-13,110.31809997558594,62.38743209838867
2022-01-14,112.19732666015625,63.48271560668945
2022-01-18,112.56272888183594,64.55152130126953
2022-01-19,112.15381622314453,64.57801818847656
2022-01-20,111.75361633300781,64.71935272216797
2022-01-21,110.41378784179688,63.74771499633789
2022-01-24,110.64868927001953,64.29534912109375
2022-01-25,115.35547637939453,66.18563079833984
2022-01-26,115.44248962402344,65.5143051147461
2022-01-27,117.77410888671875,66.35345458984375
2022-01-28,113.63285827636719,66.49475860595703
2022-01-31,114.25927734375,67.09540557861328
2022-02-01,117.26953125,71.39707946777344
2022-02-02,117.80891418457031,71.21159362792969
2022-02-03,116.7562026977539,70.38129425048828
2022-02-04,118.21781921386719,71.90939331054688
2022-02-07,120.54077911376953,72.77503204345703
2022-02-08,118.70506286621094,70.89360809326172
2022-02-09,119.87957763671875,70.55423736572266
2022-02-10,118.3570327758789,69.87547302246094
2022-02-11,120.76696014404297,71.63487243652344
2022-02-14,118.9051513671875,70.53636932373047
2022-02-15,118.03477478027344,69.65221405029297
2022-02-16,118.0699691772461,69.97372436523438
2022-02-17,117.46332550048828,69.8665542602539
2022-02-18,117.2962875366211,69.08956909179688
2022-02-22,116.39958190917969,68.28578186035156
2022-02-23,119.16888427734375,68.56262969970703
2022-02-24,118.5534896850586,67.69633483886719
2022-02-25,123.41517639160156,69.51824188232422
2022-02-28,126.59772491455078,70.03624725341797
2022-03-01,131.62644958496094,70.7060546875
2022-03-02,135.51231384277344,71.920654296875
2022-03-03,137.3409423828125,72.3761215209961
2022-03-04,139.477294921875,75.10005950927734
2022-03-07,142.4575958251953,77.80613708496094
2022-03-08,149.92156982421875,78.39556884765625
2022-03-09,146.17637634277344,73.93904876708984
2022-03-10,150.17652893066406,76.23428344726562
2022-03-11,150.24685668945312,75.84133911132812
2022-03-14,146.57203674316406,73.12633514404297
2022-03-15,139.15199279785156,68.96453094482422
2022-03-16,138.65087890625,68.7055435180664
2022-03-17,141.05096435546875,70.53636932373047
2022-03-18,142.18507385253906,70.25950622558594
2022-03-21,144.74339294433594,73.41212463378906
2022-03-22,144.25985717773438,73.09061431884766
2022-03-23,145.81594848632812,74.2426986694336
2022-03-24,146.20278930664062,74.46598052978516
2022-03-25,148.8490447998047,76.09139251708984
2022-03-28,146.24671936035156,73.9569091796875
2022-03-29,144.46205139160156,73.56395721435547
2022-03-30,145.4818572998047,74.8232192993164
2022-03-31,143.1521453857422,73.76042938232422
2022-04-01,144.37416076660156,74.2337646484375
2022-04-04,144.50601196289062,74.26949310302734
2022-04-05,143.61807250976562,73.88546752929688
2022-04-06,144.8928680419922,74.70710754394531
2022-04-07,146.9060821533203,75.95744323730469
2022-04-08,149.39410400390625,77.5560531616211
2022-04-11,145.55218505859375,74.8857192993164
2022-04-12,148.58526611328125,76.44863891601562
2022-04-13,150.92379760742188,77.52928161621094
2022-04-14,150.8534698486328,78.44023132324219
2022-04-18,152.87550354003906,79.08326721191406
2022-04-19,151.06448364257812,78.37773132324219
2022-04-20,151.67991638183594,78.55632019042969
2022-04-21,144.6906280517578,77.72576141357422
2022-04-22,141.4993133544922,76.02889251708984
2022-04-25,138.4574737548828,73.46571350097656
2022-04-26,137.6134490966797,73.49250793457031
2022-04-27,137.3585205078125,75.59125518798828
2022-04-28,142.23780822753906,77.87757110595703
2022-04-29,137.73655700683594,76.13605499267578
2022-05-02,140.44435119628906,77.17204284667969
2022-05-03,142.85321044921875,78.76174926757812
2022-05-04,147.3368682861328,81.89649963378906
2022-05-05,146.1676025390625,80.65509033203125
2022-05-06,150.062255859375,81.88756561279297
2022-05-09,140.0047607421875,75.43051147460938
2022-05-10,141.34986877441406,75.93062591552734
2022-05-11,143.44224548339844,77.51140594482422
2022-05-12,144.804931640625,77.8633041381836
2022-05-13,147.58303833007812,80.1729965209961
2022-05-16,152.10186767578125,82.05870056152344
2022-05-17,152.99862670898438,83.10530090332031
2022-05-18,148.965576171875,81.78802490234375
2022-05-19,147.9019317626953,82.23013305664062
2022-05-20,148.75283813476562,82.87974548339844
2022-05-23,152.20973205566406,84.7112808227539
2022-05-24,153.0251922607422,85.17142486572266
2022-05-25,155.48048400878906,86.88568878173828
2022-05-26,156.5264129638672,87.19245147705078
2022-05-27,158.02439880371094,88.04956817626953
2022-05-31,154.81570434570312,86.6150131225586
2022-06-01,156.28707885742188,88.27513885498047
2022-06-02,156.0034637451172,88.12174224853516
2022-06-03,157.42166137695312,89.4029312133789
2022-06-06,156.7391357421875,89.17737579345703
2022-06-07,159.7262420654297,93.26451873779297
2022-06-08,160.5506134033203,94.36524963378906
2022-06-09,157.35076904296875,92.3261947631836
2022-06-10,155.4716033935547,90.63899230957031
2022-06-13,148.3185272216797,86.47967529296875
2022-06-14,148.5135040283203,86.70523834228516
2022-06-15,145.59732055664062,85.613525390625
2022-06-16,137.81488037109375,82.45568084716797
2022-06-17,131.52154541015625,77.70088958740234
2022-06-21,137.02597045898438,82.53690338134766
2022-06-22,131.06948852539062,79.27076721191406
2022-06-23,126.24756622314453,76.87983703613281
2022-06-24,128.3217010498047,78.40463256835938
2022-06-27,130.8035888671875,80.32640075683594
2022-06-28,132.90431213378906,82.55493927001953
2022-06-29,130.28062438964844,79.50536346435547
2022-06-30,128.33055114746094,77.26778411865234
2022-07-01,129.86399841308594,78.99109649658203
2022-07-05,126.4514389038086,76.5189437866211
2022-07-06,124.7850341796875,75.13851928710938
2022-07-07,127.21373748779297,77.53849029541016
2022-07-08,126.5489273071289,77.664794921875
2022-07-11,125.43207550048828,77.26778411865234
2022-07-12,123.13639068603516,76.23925018310547
2022-07-13,122.31204223632812,76.54601287841797
2022-07-14,120.49493408203125,75.01220703125
2022-07-15,122.01065063476562,76.27533721923828
2022-07-18,123.72138214111328,77.68282318115234
2022-07-19,128.17990112304688,79.64070129394531
2022-07-20,129.87286376953125,80.515869140625
2022-07-21,128.880126953125,79.17153930664062
2022-07-22,127.80760192871094,78.5670394897461
2022-07-25,131.6101837158203,81.18354034423828
2022-07-26,130.5819854736328,80.86775207519531
2022-07-27,132.30157470703125,82.61809539794922
2022-07-28,133.30316162109375,83.58348846435547
2022-07-29,145.171875,87.4540786743164
2022-08-01,142.27337646484375,85.24361419677734
2022-08-02,141.0590362548828,84.87368774414062
2022-08-03,137.70849609375,82.12185668945312
2022-08-04,133.9679718017578,78.66629028320312
2022-08-05,136.18392944335938,79.80309295654297
2022-08-08,135.98007202148438,80.25421142578125
2022-08-09,137.75282287597656,81.73388671875
2022-08-10,138.1162567138672,82.50981903076172
2022-08-11,141.4844970703125,84.89665985107422
2022-08-12,141.68838500976562,85.63458251953125
2022-08-15,138.99374389648438,84.10408020019531
2022-08-16,138.63922119140625,83.32062530517578
2022-08-17,139.7826385498047,83.99475860595703
2022-08-18,142.2333984375,85.98075103759766
2022-08-19,141.04380798339844,85.70744323730469
2022-08-22,140.33717346191406,85.64366912841797
2022-08-23,144.88990783691406,89.27859497070312
2022-08-24,145.9631805419922,89.80699157714844
2022-08-25,147.2422332763672,90.27159881591797
2022-08-26,146.1599884033203,89.16016387939453
2022-08-29,147.25119018554688,91.20993041992188
2022-08-30,143.66448974609375,87.7389907836914
2022-08-31,141.37472534179688,87.08306121826172
2022-09-01,139.12074279785156,85.51615142822266
2022-09-02,141.18690490722656,87.08306121826172
2022-09-06,140.53396606445312,86.5000228881836
2022-09-07,138.7361297607422,85.7621078491211
2022-09-08,139.4874725341797,86.46359252929688
2022-09-09,143.08311462402344,87.91209411621094
2022-09-12,145.34603881835938,88.92330932617188
2022-09-13,142.5821990966797,86.84620666503906
2022-09-14,146.03475952148438,88.97796630859375
2022-09-15,143.66448974609375,86.39071655273438
2022-09-16,139.93466186523438,84.91487884521484
2022-09-19,140.33717346191406,84.90576934814453
2022-09-20,139.7826385498047,84.2134017944336
2022-09-21,138.6466827392578,82.85599517822266
2022-09-22,138.5393524169922,82.50982666015625
2022-09-23,129.4876708984375,78.11878204345703
2022-09-26,126.0798568725586,76.50629425048828
2022-09-27,126.13355255126953,78.10965728759766
2022-09-28,130.39105224609375,80.95198822021484
2022-09-29,129.4876708984375,80.78802490234375
2022-09-30,128.50379943847656,79.53994750976562
2022-10-03,135.7129364013672,83.73967742919922
2022-10-04,140.9901580810547,86.79154205322266
2022-10-05,141.7951202392578,90.29893493652344
2022-10-06,144.38002014160156,92.97727966308594
2022-10-07,143.1367645263672,92.03894805908203
2022-10-10,140.55184936523438,90.04383087158203
2022-10-11,140.57867431640625,89.27859497070312
2022-10-12,140.9990692138672,89.67033386230469
2022-10-13,147.83255004882812,92.80419158935547
2022-10-14,143.23516845703125,90.36270141601562
2022-10-17,144.28164672851562,91.66544342041016
2022-10-18,145.5428009033203,91.82941436767578
2022-10-19,150.2654571533203,94.5533218383789
2022-10-20,151.12411499023438,94.68087768554688
2022-10-21,154.90757751464844,96.4391098022461
2022-10-24,154.85391235351562,97.1132583618164
2022-10-25,156.4638671875,96.45731353759766
2022-10-26,158.39585876464844,97.60518646240234
2022-10-27,159.120361328125,97.97870635986328
2022-10-28,160.9807891845703,100.84838104248047
2022-10-31,161.80368041992188,100.9485855102539
2022-11-01,162.98434448242188,101.95069122314453
2022-11-02,159.65701293945312,99.85537719726562
2022-11-03,162.00941467285156,101.21277618408203
2022-11-04,164.05764770507812,102.31509399414062
2022-11-07,166.01649475097656,103.52672576904297
2022-11-08,165.7749786376953,103.85469055175781
2022-11-09,159.14718627929688,99.20856475830078
2022-11-10,162.16148376464844,100.66617584228516
2022-11-11,166.77676391601562,103.80914306640625
2022-11-14,166.85723876953125,104.1121826171875
2022-11-15,168.1989288330078,104.81014251708984
2022-11-16,165.4619598388672,103.68975830078125
2022-11-17,165.93063354492188,103.8275146484375
2022-11-18,164.9391326904297,102.92752838134766
2022-11-21,163.3617706298828,101.90818786621094
2022-11-22,167.5530548095703,104.8560562133789
2022-11-23,166.06581115722656,104.33259582519531
2022-11-25,165.57908630371094,103.96524810791016
2022-11-28,160.76585388183594,100.84290313720703
2022-11-29,163.17245483398438,101.51329040527344
2022-11-30,165.2275390625,102.24796295166016
2022-12-01,164.4884490966797,101.75205993652344
2022-12-02,163.17245483398438,100.88882446289062
2022-12-05,159.14341735839844,98.12461853027344
2022-12-06,155.04225158691406,95.39714813232422
2022-12-07,155.50193786621094,95.18592834472656
2022-12-08,156.42132568359375,95.89305114746094
2022-12-09,151.42782592773438,95.08491516113281
2022-12-12,153.00518798828125,97.42667388916016
2022-12-13,156.41232299804688,98.4919662475586
2022-12-14,155.33067321777344,97.76647186279297
2022-12-15,154.16793823242188,96.82975769042969
2022-12-16,152.0767822265625,96.15019226074219
2022-12-19,153.1223602294922,96.58180236816406
2022-12-20,155.63714599609375,97.97769165039062
2022-12-21,157.46690368652344,99.23580932617188
2022-12-22,155.10533142089844,97.23381805419922
2022-12-23,159.9005584716797,99.80517578125
2022-12-27,161.9105987548828,101.19186401367188
2022-12-28,159.52198791503906,99.52967834472656
2022-12-29,160.72984313964844,100.28270721435547
2022-12-30,161.784423828125,101.29290008544922
2023-01-03,156.82693481445312,97.81238555908203
2023-01-04,155.159423828125,98.0970687866211
2023-01-05,157.95362854003906,100.29190826416016
2023-01-06,159.14341735839844,101.50411987304688
2023-01-09,157.8995361328125,99.61233520507812
2023-01-10,158.6747283935547,101.10002899169922
2023-01-11,157.91757202148438,102.2755126953125
2023-01-12,159.61212158203125,103.97444915771484
2023-01-13,160.04478454589844,103.91016387939453
2023-01-17,162.68576049804688,103.7081298828125
2023-01-18,159.74732971191406,101.57758331298828
2023-01-19,161.3427276611328,102.2295913696289
2023-01-20,163.0552978515625,104.09381866455078
2023-01-23,162.8389892578125,103.55199432373047
2023-01-24,162.9921875,104.5162582397461
2023-01-25,161.41482543945312,103.96524810791016
2023-01-26,169.26560974121094,108.14371490478516
2023-01-27,161.7483367919922,106.16928100585938
2023-01-30,157.01622009277344,104.28668212890625
2023-01-31,156.85397338867188,106.53662109375
2023-02-01,154.4563751220703,105.37031555175781
2023-02-02,152.33815002441406,102.07347869873047
2023-02-03,152.73475646972656,102.78060150146484
2023-02-06,152.90603637695312,102.60612487792969
2023-02-07,156.91708374023438,105.53562927246094
2023-02-08,153.23052978515625,104.6172866821289
2023-02-09,151.8244171142578,105.01216888427734
2023-02-10,155.00619506835938,109.43856048583984
2023-02-13,154.14088439941406,109.01287841796875
2023-02-14,155.32167053222656,107.7358169555664
2023-02-15,153.6848602294922,107.41192626953125
2023-02-16,151.4661407470703,107.0972900390625
2023-02-17,148.0834503173828,102.9792251586914
2023-02-21,146.4011993408203,102.8774185180664
2023-02-22,145.81015014648438,101.54484558105469
2023-02-23,147.2468719482422,102.4795150756836
2023-02-24,147.683349609375,102.48876190185547
2023-02-27,148.05615234375,102.30368041992188
2023-02-28,146.1920623779297,101.71142578125
2023-03-01,147.35597229003906,102.61832427978516
2023-03-02,147.8197479248047,103.09028625488281
2023-03-03,150.0021209716797,104.39509582519531
2023-03-06,151.10240173339844,105.32049560546875
2023-03-07,149.15646362304688,103.28461456298828
2023-03-08,148.2107696533203,101.77620697021484
2023-03-09,145.95562744140625,100.98960876464844
2023-03-10,145.19178771972656,99.74030303955078
2023-03-13,144.31883239746094,98.59280395507812
2023-03-14,146.18295288085938,98.96295928955078
2023-03-15,139.8540496826172,94.03980255126953
2023-03-16,140.2996063232422,93.49381256103516
2023-03-17,138.52645874023438,92.392578125
2023-03-20,140.56333923339844,94.80789184570312
2023-03-21,144.86444091796875,99.05551147460938
2023-03-22,141.91824340820312,96.78825378417969
2023-03-23,140.5087890625,95.6962890625
2023-03-24,141.9091339111328,95.80732727050781
2023-03-27,143.35494995117188,97.90798950195312
2023-03-28,145.02810668945312,99.12953186035156
2023-03-29,146.27389526367188,100.83228302001953
2023-03-30,147.66514587402344,101.32275390625
2023-03-31,148.36534118652344,101.48007202148438
2023-04-03,154.53965759277344,107.46745300292969
2023-04-04,153.71218872070312,106.44024658203125
2023-04-05,154.4759979248047,108.26329040527344
2023-04-06,152.44821166992188,106.46800994873047
2023-04-10,153.03018188476562,105.99605560302734
2023-04-11,153.8758544921875,106.7456283569336
2023-04-12,154.4214324951172,106.63458251953125
2023-04-13,156.48561096191406,107.1343002319336
2023-04-14,156.8038787841797,107.39341735839844
2023-04-17,155.4217071533203,106.14411926269531
2023-04-18,155.05796813964844,108.21703338623047
2023-04-19,155.2034454345703,107.8746337890625
2023-04-20,154.44873046875,107.01399230957031
2023-04-21,153.78489685058594,107.35640716552734
2023-04-24,155.93092346191406,109.38304901123047
2023-04-25,153.6667022705078,107.8283462524414
2023-04-26,150.9296417236328,106.83817291259766
2023-04-27,151.81167602539062,108.115234375
2023-04-28,153.2938690185547,109.51258850097656
2023-05-01,152.0753936767578,106.11636352539062
2023-05-02,145.5282440185547,101.88723754882812
2023-05-03,142.60931396484375,99.87911224365234
2023-05-04,142.05462646484375,98.1301040649414
2023-05-05,145.682861328125,100.57316589355469
2023-05-08,145.10995483398438,100.97109985351562
2023-05-09,144.69166564941406,100.99884796142578
2023-05-10,142.84573364257812,99.70328521728516
2023-05-11,142.05462646484375,97.89875793457031
2023-05-12,142.41835021972656,97.88949584960938
2023-05-15,142.94573974609375,98.07617950439453
2023-05-16,139.5903778076172,95.69590759277344
2023-05-17,141.5908660888672,97.84281921386719
2023-05-18,141.41641235351562,98.7295913696289
2023-05-19,142.53663635253906,99.18696594238281
2023-05-22,139.97479248046875,97.98283386230469
2023-05-23,144.02418518066406,99.31763458251953
2023-05-24,144.40982055664062,100.42842864990234
2023-05-25,141.92144775390625,98.62691497802734
2023-05-26,141.48068237304688,97.98283386230469
2023-05-30,140.5991668701172,97.11473846435547
2023-05-31,138.30361938476562,95.37854766845703
2023-06-01,139.71768188476562,96.47999572753906
2023-06-02,143.48240661621094,98.72025299072266
2023-06-05,142.79373168945312,98.28153228759766
2023-06-06,143.0508575439453,99.08428955078125
2023-06-07,146.76046752929688,101.30585479736328
2023-06-08,146.21873474121094,100.98849487304688
2023-06-09,145.86981201171875,100.24176025390625
2023-06-12,144.46493530273438,99.33631134033203
2023-06-13,145.54843139648438,99.35498046875
2023-06-14,144.2445526123047,98.16019439697266
2023-06-15,145.3372344970703,98.84159851074219
2023-06-16,144.40065002441406,98.1321792602539
2023-06-20,141.11337280273438,95.88259887695312
2023-06-21,142.21527099609375,96.9560546875
2023-06-22,140.15841674804688,96.42399597167969
2023-06-23,138.9739227294922,95.58390045166016
2023-06-26,141.41641235351562,97.34810638427734
2023-06-27,140.9756622314453,97.5907974243164
2023-06-28,142.25198364257812,98.38420867919922
2023-06-29,143.4640655517578,99.59767150878906
2023-06-30,144.48329162597656,100.11107635498047
2023-07-03,144.35475158691406,100.30709838867188
2023-07-05,143.5283203125,99.79370880126953
2023-07-06,140.37881469726562,96.06928253173828
2023-07-07,141.60926818847656,96.29331970214844
2023-07-10,142.5550079345703,97.72146606445312
2023-07-11,145.19029235839844,98.91626739501953
2023-07-12,146.58602905273438,99.40164947509766
2023-07-13,144.6302032470703,97.58145904541016
2023-07-14,141.02157592773438,94.2210922241211
2023-07-17,140.89303588867188,94.63179016113281
2023-07-18,141.1776580810547,94.20242309570312
2023-07-19,142.04080200195312,94.85582733154297
2023-07-20,143.61097717285156,96.52667236328125
2023-07-21,145.7136993408203,96.97472381591797
2023-07-24,148.5877685546875,98.4962158203125
2023-07-25,149.2672576904297,98.64557647705078
2023-07-26,148.1470184326172,98.09484100341797
2023-07-27,146.60440063476562,98.40287017822266
2023-07-28,145.8789825439453,97.22676086425781
2023-07-31,150.27732849121094,100.10173034667969
2023-08-01,149.0285186767578,99.52300262451172
2023-08-02,146.66868591308594,98.28153228759766
2023-08-03,146.6135711669922,99.9897232055664
2023-08-04,146.2830352783203,100.2697525024414
2023-08-07,146.81561279296875,100.06440734863281
2023-08-08,146.59521484375,100.55912780761719
2023-08-09,146.7880401611328,102.26730346679688
2023-08-10,147.67872619628906,102.79003143310547
2023-08-11,150.7272491455078,104.38621520996094
2023-08-14,150.61708068847656,104.47022247314453
2023-08-15,146.21873474121094,101.78812408447266
2023-08-16,145.65863037109375,100.07532501220703
2023-08-17,148.0967559814453,102.01397705078125
2023-08-18,149.16287231445312,103.55736541748047
2023-08-21,148.6622772216797,102.30570983886719
2023-08-22,147.4385528564453,101.73165130615234
2023-08-23,147.6332244873047,100.83761596679688
2023-08-24,146.41879272460938,100.08473205566406
2023-08-25,147.5127410888672,101.87281799316406
2023-08-28,148.52322387695312,102.72921752929688
2023-08-29,148.2914581298828,103.34090423583984
2023-08-30,148.4954071044922,104.34786987304688
2023-08-31,149.34828186035156,104.63961029052734
2023-09-01,152.31484985351562,106.83234405517578
2023-09-05,154.3173065185547,106.84176635742188
2023-09-06,154.47491455078125,107.7640151977539
2023-09-07,154.4841766357422,107.23701477050781
2023-09-08,155.01258850097656,108.7992172241211
2023-09-11,151.8142547607422,107.43464660644531
2023-09-12,154.64175415039062,110.5684585571289
2023-09-13,154.07627868652344,109.58032989501953
2023-09-14,155.0311279296875,111.53780364990234
2023-09-15,154.35440063476562,109.82501220703125
2023-09-18,155.02186584472656,110.70962524414062
2023-09-19,155.00332641601562,110.41789245605469
2023-09-20,154.53053283691406,109.54268646240234
2023-09-21,153.13992309570312,107.99929809570312
2023-09-22,154.15042114257812,108.168701171875
2023-09-25,156.40316772460938,109.38269805908203
2023-09-26,155.55955505371094,109.5521011352539
2023-09-27,158.5631866455078,113.11882019042969
2023-09-28,158.14602661132812,112.43182373046875
2023-09-29,156.31973266601562,110.65316009521484
2023-10-02,154.39144897460938,108.81804656982422
2023-10-03,154.7530059814453,109.00627136230469
2023-10-04,151.14675903320312,104.93133544921875
2023-10-05,151.94403076171875,102.5692138671875
2023-10-06,150.3958740234375,100.85643768310547
2023-10-09,154.558349609375,104.3855209350586
2023-10-10,154.39144897460938,103.94320678710938
2023-10-11,149.34828186035156,100.21648406982422
2023-10-12,149.46881103515625,100.19767761230469
2023-10-13,152.09234619140625,103.39738464355469
2023-10-16,153.33460998535156,103.47266387939453
2023-10-17,155.3648681640625,104.82784271240234
2023-10-18,156.59783935546875,106.29592895507812
2023-10-19,156.76473999023438,106.36180114746094
2023-10-20,154.6603240966797,104.53610229492188
2023-10-23,148.95892333984375,103.00211334228516
2023-10-24,145.22288513183594,102.00456237792969
2023-10-25,144.49978637695312,102.19277954101562
2023-10-26,143.4615020751953,101.2611083984375
2023-10-27,133.8201446533203,99.3318862915039
2023-10-30,135.4332275390625,99.64241790771484
2023-10-31,135.0994873046875,99.61419677734375
2023-11-01,133.47714233398438,99.41658020019531
2023-11-02,137.908447265625,102.68214416503906
2023-11-03,136.84234619140625,101.43051147460938
2023-11-06,136.27684020996094,99.63302612304688
2023-11-07,133.8757781982422,98.07081604003906
2023-11-08,132.01239013671875,96.86622619628906
2023-11-09,131.58596801757812,96.89444732666016
2023-11-10,132.5222625732422,97.6379165649414
2023-11-13,133.4956817626953,98.6636962890625
2023-11-14,134.46908569335938,99.04358673095703
2023-11-15,134.94187927246094,98.44527435302734
2023-11-16,132.80604553222656,97.3056411743164
2023-11-17,135.32594299316406,99.67987823486328
2023-11-20,135.25100708007812,99.2430191040039
2023-11-21,134.93251037597656,99.20503234863281
2023-11-22,135.20419311523438,98.77767181396484
2023-11-24,135.73812866210938,99.30949401855469
2023-11-27,135.23226928710938,98.73017883300781
2023-11-28,136.30955505371094,98.67321014404297
2023-11-29,134.81072998046875,97.1916732788086
2023-11-30,134.52032470703125,97.5715560913086
2023-12-01,135.65382385253906,97.8089828491211
2023-12-04,135.7100372314453,97.27714538574219
2023-12-05,133.82711791992188,95.38726043701172
2023-12-06,133.51800537109375,94.1241683959961
2023-12-07,133.41493225097656,93.46888732910156
2023-12-08,135.18544006347656,94.54204559326172
2023-12-11,135.222900390625,94.60851287841797
2023-12-12,133.48989868164062,93.11749267578125
2023-12-13,135.46646118164062,93.9437255859375
2023-12-14,140.45008850097656,96.46990966796875
2023-12-15,139.9067840576172,95.82412719726562
2023-12-18,140.21591186523438,96.53639221191406
2023-12-19,142.05197143554688,97.8089828491211
2023-12-20,140.74986267089844,96.17550659179688
2023-12-21,141.18077087402344,96.61237335205078
2023-12-22,141.49928283691406,96.7833251953125
2023-12-26,142.77330017089844,97.0017318725586
2023-12-27,142.30491638183594,96.5458984375
2023-12-28,140.3002166748047,95.14984130859375
2023-12-29,139.72877502441406,94.95040130615234
2024-01-02,140.02853393554688,97.2106704711914
2024-01-03,142.69834899902344,98.02740478515625
2024-01-04,141.13394165039062,97.17268371582031
2024-01-05,140.89036560058594,97.46709442138672
2024-01-08,140.04727172851562,95.8431167602539
2024-01-09,136.487548828125,94.65599060058594
2024-01-10,135.36341857910156,93.72529602050781
2024-01-11,136.0941162109375,93.70630645751953
2024-01-12,137.9582977294922,94.92190551757812
2024-01-16,134.6046600341797,92.77560424804688
2024-01-17,134.07066345214844,92.10131072998047
2024-01-18,132.85287475585938,91.93038177490234
2024-01-19,133.246337890625,92.07283020019531
2024-01-22,133.48052978515625,91.94937133789062
2024-01-23,133.10580444335938,92.98453521728516
2024-01-24,135.75686645507812,94.58951568603516
2024-01-25,139.17608642578125,96.99224090576172
2024-01-26,139.7100372314453,97.81847381591797
2024-01-29,139.6538543701172,97.94193267822266
2024-01-30,140.62806701660156,99.57540893554688
2024-01-31,138.108154296875,97.63803100585938
2024-02-01,138.53907775878906,97.2391586303711
2024-02-02,142.61404418945312,96.84028625488281
2024-02-05,142.69834899902344,96.44142150878906
2024-02-06,142.71707153320312,97.10620880126953
2024-02-07,142.510986328125,97.07771301269531
2024-02-08,144.31893920898438,98.73967742919922
2024-02-09,141.48989868164062,96.65034484863281
2024-02-12,142.4641571044922,97.97991943359375
2024-02-13,141.07774353027344,97.13642120361328
2024-02-14,141.4617919921875,96.65715026855469
2024-02-15,146.27252197265625,99.42728424072266
2024-02-16,146.4335174560547,99.42728424072266
2024-02-20,145.8369140625,98.48793029785156
2024-02-21,147.2006072998047,100.5008316040039
2024-02-22,147.1911163330078,100.41455841064453
2024-02-23,146.4619140625,99.53272247314453
2024-02-26,146.26304626464844,99.92572021484375
2024-02-27,144.09446716308594,99.71484375
2024-02-28,144.264892578125,99.99281311035156
2024-02-29,143.95240783691406,100.18450927734375
2024-03-01,144.70997619628906,101.44975280761719
2024-03-04,140.9883270263672,100.03115844726562
2024-03-05,141.66065979003906,101.25806427001953
2024-03-06,140.46746826171875,102.3411865234375
2024-03-07,141.45233154296875,102.91630554199219
2024-03-08,141.93531799316406,103.8843994140625
2024-03-11,143.94293212890625,104.49786376953125
2024-03-12,143.83876037597656,103.82688903808594
2024-03-13,145.7327423095703,104.98670959472656
2024-03-14,147.44680786132812,106.84622955322266
2024-03-15,147.30474853515625,106.65452575683594
2024-03-18,147.17218017578125,107.64180755615234
2024-03-19,148.31802368164062,108.39903259277344
2024-03-20,146.35775756835938,108.30318450927734
2024-03-21,146.65133666992188,108.7824478149414
2024-03-22,146.4619140625,108.7824478149414
2024-03-25,148.1759796142578,109.89432525634766
2024-03-26,147.03961181640625,109.06999969482422
2024-03-27,148.06234741210938,110.2010498046875
2024-03-28,149.378662109375,111.41837310791016
2024-04-01,150.64764404296875,112.13725280761719
2024-04-02,151.31053161621094,114.332275390625
2024-04-03,151.935546875,114.35145568847656
2024-04-04,152.17230224609375,114.7540283203125
2024-04-05,153.0340576171875,116.33557891845703
2024-04-08,152.7215576171875,115.54959869384766
2024-04-09,153.41285705566406,116.15345001220703
2024-04-10,154.04734802246094,117.13115692138672
2024-04-11,153.30870056152344,116.73816680908203
2024-04-12,150.53399658203125,115.37705993652344
2024-04-15,149.23660278320312,114.71569061279297
2024-04-16,147.99606323242188,113.76675415039062
2024-04-17,148.1096954345703,113.709228515625
2024-04-18,149.21766662597656,113.60380554199219
2024-04-19,151.51885986328125,114.90737915039062
2024-04-22,153.33709716796875,115.5591812133789
2024-04-23,154.21780395507812,116.00968170166016
2024-04-24,154.899658203125,116.02885437011719
2024-04-25,156.5189971923828,116.2972412109375
2024-04-26,157.09666442871094,113.06702423095703
2024-04-29,157.51333618164062,114.6773452758789
2024-04-30,152.7215576171875,113.36416625976562
2024-05-01,151.16848754882812,111.21707916259766
2024-05-02,152.21017456054688,111.41837310791016
2024-05-03,151.75563049316406,111.1883316040039
2024-05-06,153.6969757080078,111.9072265625
2024-05-07,154.04734802246094,111.35128784179688
2024-05-08,153.9242401123047,111.33210754394531
2024-05-09,156.67999267578125,113.5271224975586
2024-05-10,157.0303955078125,113.06702423095703
2024-05-13,155.8087615966797,113.01910400390625
2024-05-14,154.93753051757812,113.70518493652344
2024-05-15,154.40721130371094,114.58451843261719
2024-05-16,154.09153747558594,113.8984375
2024-05-17,155.6029052734375,115.60880279541016
2024-05-20,154.13937377929688,114.6714859008789
2024-05-21,153.02020263671875,113.87911224365234
2024-05-22,150.72445678710938,111.58897399902344
2024-05-23,150.12184143066406,109.68534851074219
2024-05-24,150.8966522216797,109.598388671875
2024-05-28,152.13059997558594,110.98986053466797
2024-05-29,150.0835723876953,109.80130767822266
2024-05-30,151.3844757080078,110.14917755126953
2024-05-31,155.2489776611328,113.30899810791016
2024-06-03,150.61923217773438,110.59367370605469
2024-06-04,149.34703063964844,108.87364959716797
2024-06-05,148.24697875976562,109.3084945678711
2024-06-06,149.1557159423828,110.12985229492188
2024-06-07,149.2991943359375,108.95095825195312
2024-06-10,149.93052673339844,109.26983642578125
2024-06-11,149.69140625,108.3905029296875
2024-06-12,147.52000427246094,107.1922836303711
2024-06-13,146.19996643066406,106.33226776123047
2024-06-14,145.9416961669922,105.43360137939453
2024-06-17,146.53475952148438,104.70886993408203
2024-06-18,146.66868591308594,105.69450378417969
2024-06-20,149.83486938476562,107.97498321533203
2024-06-21,148.53396606445312,107.02800750732422
2024-06-24,152.38885498046875,110.2071533203125
2024-06-25,151.5758056640625,110.5163803100586
2024-06-26,149.1748504638672,110.55502319335938
2024-06-27,149.52877807617188,111.02851104736328
2024-06-28,149.62442016601562,111.24110412597656
2024-07-01,149.72007751464844,111.08648681640625
2024-07-02,149.94009399414062,110.33277893066406
2024-07-03,149.90182495117188,110.89323425292969
2024-07-05,147.6060791015625,109.5500717163086
2024-07-08,147.62522888183594,108.40016174316406
2024-07-09,146.3338623046875,107.20195007324219
2024-07-10,148.39047241210938,108.14892578125
2024-07-11,148.5148162841797,109.43411254882812
2024-07-12,148.8304901123047,109.45343780517578
2024-07-15,151.1740264892578,111.32807159423828
2024-07-16,150.915771484375,112.13011169433594
2024-07-17,154.2254638671875,113.67619323730469
2024-07-18,154.93331909179688,114.79711151123047
2024-07-19,152.23580932617188,112.15908813476562
2024-07-22,150.16966247558594,111.38603973388672
2024-07-23,147.39566040039062,109.5887222290039
2024-07-24,148.3330841064453,111.13481140136719
2024-07-25,150.69577026367188,113.4732666015625
2024-07-26,150.9827423095703,113.37662506103516
2024-07-29,149.796630859375,112.18807220458984
2024-07-30,152.6375732421875,114.1883316040039
2024-07-31,153.49847412109375,114.59418487548828
2024-08-01,145.989501953125,113.00943756103516
2024-08-02,142.09634399414062,112.94180297851562
2024-08-05,138.37533569335938,110.90288543701172
2024-08-06,137.00746154785156,110.3134536743164
2024-08-07,136.2230682373047,111.78223419189453
2024-08-08,138.2127227783203,113.91776275634766
2024-08-09,138.6909942626953,114.84541320800781
2024-08-12,138.71969604492188,114.9903564453125
2024-08-13,137.88748168945312,113.88878631591797
2024-08-14,138.3848876953125,114.94204711914062
2024-08-15,140.42236328125,115.65313720703125
2024-08-16,140.8719482421875,115.10765075683594
2024-08-19,142.0229949951172,115.45831298828125
2024-08-20,139.9530487060547,111.61067962646484
2024-08-21,140.5624237060547,110.89958953857422
2024-08-22,140.95899963378906,111.75679779052734
2024-08-23,142.787109375,113.30558776855469
2024-08-26,143.6383056640625,115.73106384277344
2024-08-27,142.13905334472656,114.6303482055664
2024-08-28,141.22015380859375,113.50040435791016
2024-08-29,142.59365844726562,115.06867980957031
2024-08-30,143.10630798339844,114.88360595703125
2024-09-03,139.9240264892578,112.47762298583984
2024-09-04,137.4188232421875,111.1041488647461
2024-09-05,136.31613159179688,110.23722076416016
2024-09-06,134.0237274169922,109.72095489501953
2024-09-09,135.70677185058594,112.02953338623047
2024-09-10,133.70452880859375,107.9481201171875
2024-09-11,133.3660125732422,106.87663269042969
2024-09-12,134.6524658203125,108.34749603271484
2024-09-13,136.00660705566406,108.26956939697266
2024-09-16,137.4381561279297,109.78913879394531
2024-09-17,138.71495056152344,111.2210464477539
2024-09-18,139.2469482421875,111.61067962646484
2024-09-19,140.24322509765625,112.99388122558594
2024-09-20,140.91062927246094,112.28279113769531
2024-09-23,142.70973205566406,114.31864166259766
2024-09-24,142.6226806640625,114.01667022705078
2024-09-25,139.25662231445312,111.7957534790039
2024-09-26,137.34144592285156,109.87681579589844
2024-09-27,140.72686767578125,112.81854248046875
2024-09-30,142.44857788085938,114.18226623535156
2024-10-01,144.79901123046875,116.82202911376953
2024-10-02,146.0081024169922,118.3708267211914
2024-10-03,146.29827880859375,119.40335845947266
2024-10-04,145.80499267578125,121.59506225585938
2024-10-07,146.17251586914062,122.12105560302734
2024-10-08,143.880126953125,118.87735748291016
2024-10-09,144.7506561279297,118.9260482788086
2024-10-10,145.6888885498047,119.94884490966797
2024-10-11,146.46270751953125,120.40666961669922
2024-10-14,146.81092834472656,120.86449432373047
2024-10-15,142.89352416992188,117.23114776611328
2024-10-16,143.8607940673828,117.53312683105469
2024-10-17,146.24990844726562,117.23114776611328
2024-10-18,145.81463623046875,116.89996337890625
2024-10-21,145.94039916992188,116.96814727783203
2024-10-22,145.97906494140625,117.57208251953125
2024-10-23,145.55348205566406,117.1532211303711
2024-10-24,145.5244598388672,116.49083709716797
2024-10-25,145.8726806640625,116.39344024658203
2024-10-28,145.61151123046875,115.8187255859375
2024-10-29,143.65765380859375,114.24071502685547
2024-10-30,143.20303344726562,113.66600036621094
2024-10-31,143.9478302001953,113.75366973876953
2024-11-01,148.05868530273438,111.97108459472656
2024-11-04,148.92921447753906,115.53623962402344
2024-11-05,148.38755798339844,115.8771743774414
2024-11-06,152.5564422607422,117.86430358886719
2024-11-07,151.63755798339844,118.01042938232422
2024-11-08,151.7923126220703,117.9714584350586
2024-11-11,151.37640380859375,117.3480453491211
2024-11-12,150.2060089111328,117.23114776611328
2024-11-13,153.52371215820312,118.32212829589844
2024-11-14,156.5028839111328,118.40068817138672
2024-11-15,156.1353302001953,117.17308044433594
2024-11-18,157.0831298828125,118.15516662597656
2024-11-19,155.94967651367188,116.50525665283203
2024-11-20,157.64010620117188,118.16499328613281
2024-11-21,157.93324279785156,119.74615478515625
2024-11-22,158.64654541015625,119.6086654663086
2024-11-25,156.69227600097656,117.8212661743164
2024-11-26,158.81265258789062,115.85708618164062
2024-11-27,158.40225219726562,115.5526351928711
2024-11-29,158.22637939453125,115.8472671508789
2024-12-02,158.49996948242188,115.73922729492188
2024-12-03,158.21661376953125,115.56245422363281
2024-12-04,154.69894409179688,112.23316955566406
2024-12-05,155.68585205078125,112.7242202758789
2024-12-06,151.68939208984375,111.535888671875
2024-12-09,153.48731994628906,110.87789154052734
2024-12-10,153.4091339111328,110.65200805664062
2024-12-11,152.63720703125,109.91543579101562
2024-12-12,151.1715087890625,109.81723022460938
2024-12-13,150.3507080078125,108.85478210449219
2024-12-16,145.94387817382812,106.52723693847656
2024-12-17,144.7224578857422,106.07547760009766
2024-12-18,140.78465270996094,104.51394653320312
2024-12-19,137.92164611816406,103.62025451660156
2024-12-20,139.58277893066406,103.97380065917969
2024-12-23,139.7000274658203,104.39610290527344
2024-12-24,140.5501251220703,104.49430847167969
2024-12-26,140.6869354248047,104.58269500732422
2024-12-27,140.7064666748047,104.5728759765625
2024-12-30,139.79774475097656,103.86577606201172
2024-12-31,141.52725219726562,105.64335632324219
2025-01-02,143.3544921875,105.38800811767578
2025-01-03,144.46841430664062,105.92816162109375
2025-01-06,143.8918914794922,105.810302734375
2025-01-07,146.16860961914062,106.8022232055664
2025-01-08,146.8623809814453,105.01481628417969
2025-01-10,149.63742065429688,104.63180541992188
2025-01-13,151.796875,107.33255004882812
2025-01-14,153.31141662597656,107.75485229492188
2025-01-15,154.70872497558594,109.5127944946289
2025-01-16,155.73471069335938,109.32618713378906
2025-01-17,157.7769012451172,110.30827331542969
2025-01-21,154.62078857421875,109.47350311279297
2025-01-22,152.83262634277344,107.56824493408203
2025-01-23,152.4417724609375,108.1771469116211
2025-01-24,152.0900115966797,106.71382904052734
2025-01-27,153.63388061523438,108.19678497314453
2025-01-28,152.63720703125,106.10493469238281
2025-01-29,152.1291046142578,106.7236557006836
2025-01-30,152.74468994140625,107.60753631591797
2025-01-31,145.77777099609375,104.91661071777344
2025-02-03,145.92433166503906,105.17195129394531
2025-02-04,149.71559143066406,107.99054718017578
2025-02-05,149.49085998535156,107.91197967529297
2025-02-06,148.42578125,106.48794555664062
2025-02-07,149.12930297851562,106.93971252441406
2025-02-10,152.20726013183594,108.98246002197266
2025-02-11,153.83908081054688,109.669921875
2025-02-12,151.35716247558594,106.37030792236328
2025-02-13,152.31475830078125,107.1431884765625
2025-02-14,153.47067260742188,107.25218963623047
2025-02-18,154.2808074951172,109.13484954833984
2025-02-19,155.33792114257812,109.29338836669922
2025-02-20,156.879150390625,110.97787475585938
2025-02-21,155.0316619873047,109.6798324584961
2025-02-24,155.989990234375,110.25453186035156
2025-02-25,154.5376739501953,108.72859191894531
2025-02-26,153.27308654785156,108.46105194091797
2025-02-27,154.78466796875,109.14476013183594
2025-02-28,156.71119689941406,110.3139877319336
2025-03-03,151.24774169921875,106.77657318115234
2025-03-04,150.17086791992188,106.55857849121094
2025-03-05,148.9951934814453,104.47774505615234
2025-03-06,151.10943603515625,106.63784790039062
2025-03-07,154.45863342285156,108.02506256103516
2025-03-10,155.67384338378906,110.77970123291016
2025-03-11,152.22584533691406,108.1637954711914
2025-03-12,150.8328094482422,108.13406372070312
2025-03-13,151.76148986816406,107.67826080322266
2025-03-14,155.13046264648438,110.8787841796875
2025-03-17,156.80999755859375,112.72181701660156
2025-03-18,158.87484741210938,112.6029052734375
2025-03-19,162.07586669921875,114.35675811767578
2025-03-20,162.78720092773438,114.84228515625
2025-03-21,162.76744079589844,114.44593048095703
2025-03-24,163.03419494628906,114.74319458007812
2025-03-25,163.943115234375,115.5259780883789
2025-03-26,165.9486846923828,117.1906509399414
2025-03-27,164.64456176757812,116.81411743164062
2025-03-28,164.09130859375,116.65558624267578
2025-03-31,165.27687072753906,117.8446273803711
2025-04-01,166.48219299316406,117.95362854003906
2025-04-02,164.46673583984375,117.58699798583984
2025-04-03,154.2412872314453,111.4039535522461
2025-04-04,141.55580139160156,103.38777923583984
2025-04-07,138.4634552001953,102.00055694580078
2025-04-08,135.28221130371094,99.85035705566406
2025-04-09,144.272705078125,104.83445739746094
2025-04-10,133.35568237304688,99.01802825927734
2025-04-11,133.99786376953125,102.19873046875
2025-04-14,133.6916046142578,102.44644927978516
2025-04-15,132.9209747314453,102.15909576416016
2025-04-16,133.73110961914062,103.23915100097656
2025-04-17,136.21090698242188,105.94422912597656
2025-04-21,132.1207275390625,104.38855743408203
2025-04-22,135.64776611328125,107.3116455078125
2025-04-23,135.03521728515625,106.39012908935547
2025-04-24,137.39646911621094,107.63862609863281
2025-04-25,137.060546875,107.57917785644531
2025-04-28,138.41407775878906,107.63862609863281
2025-04-29,137.6237030029297,107.37109375
2025-04-30,134.4226837158203,104.66600799560547
2025-05-01,134.62026977539062,104.81463623046875
2025-05-02,136.8333282470703,105.24071502685547
2025-05-05,133.8694305419922,102.32754516601562
2025-05-06,133.96823120117188,103.75440216064453
2025-05-07,134.1559295654297,103.65531921386719
2025-05-08,135.39088439941406,105.10198974609375
2025-05-09,136.82345581054688,106.33067321777344
2025-05-12,139.915771484375,108.1637954711914
2025-05-13,140.63699340820312,108.46105194091797
2025-05-14,139.96517944335938,107.48999786376953
2025-05-15,140.54806518554688,108.58000183105469
2025-05-16,140.3900146484375,108.19000244140625
2025-05-19,138.49000549316406,106.47000122070312
2025-05-20,137.27000427246094,104.94999694824219
2025-05-21,135.55999755859375,103.66000366210938
2025-05-22,135.2899932861328,102.97000122070312
2025-05-23,136.5399932861328,103.02999877929688
2025-05-27,137.8300018310547,103.5199966430664
2025-05-28,136.02000427246094,102.11000061035156
2025-05-29,137.91000366210938,102.69000244140625
2025-05-30,136.6999969482422,102.30000305175781
